category,shapley_contribution,lower_95ci,upper_95ci,se,ci_width,significant
Cardiovascular diseases,2.56306276463514,1.82476683727603,3.39779841899878,0.444337006379168,1.57303158172275,TRUE
Diabetes and kidney diseases,2.5466203714817,2.07950969063808,3.22953319339696,0.359351818993257,1.15002350275888,TRUE
